{"exact": 60.549145119177965, "f1": 63.31746382434483, "total": 11873, "HasAns_exact": 48.32995951417004, "HasAns_f1": 53.874535760196395, "HasAns_total": 5928, "NoAns_exact": 72.73338940285954, "NoAns_f1": 72.73338940285954, "NoAns_total": 5945, "best_exact": 60.70074959993262, "best_exact_thresh": 0.2451057732105255, "best_f1": 63.317463824344976, "best_f1_thresh": 0.27222198247909546, "pr_exact_ap": 40.71131554795334, "pr_f1_ap": 50.41819128912219, "pr_oracle_ap": 71.84355617801688}