{"exact": 61.61879895561358, "f1": 63.941031625111584, "total": 11873, "HasAns_exact": 53.9642375168691, "HasAns_f1": 58.61536242998447, "HasAns_total": 5928, "NoAns_exact": 69.25147182506308, "NoAns_f1": 69.25147182506308, "NoAns_total": 5945}